{"D_A": 0.5003169178962708, "G_A": 0.8857123255729675, "cycle_A": 0.5658307671546936, "idt_A": 0.18121682107448578, "D_B": 0.21375615894794464, "G_B": 0.5758657455444336, "cycle_B": 0.44831955432891846, "idt_B": 0.28440043330192566, "_runtime": 237, "_timestamp": 1645528027, "_step": 1, "_wandb": {"runtime": 267}}